<?xml version="1.0" encoding="UTF-8"?>
<config xmlns="http://www.knime.org/2008/09/XMLConfig" xmlns:xsi="http://www.w3.org/2001/XMLSchema-instance" xsi:schemaLocation="http://www.knime.org/2008/09/XMLConfig http://www.knime.org/XMLConfig_2008_09.xsd" key="MiningSchema">
<config key="learning">
<entry key="array-size" type="xint" value="30"/>
<entry key="0" type="xstring" value="Raio (Média)"/>
<entry key="1" type="xstring" value="Textura (Média)"/>
<entry key="2" type="xstring" value="Perimetro (Média)"/>
<entry key="3" type="xstring" value="Área (Média)"/>
<entry key="4" type="xstring" value="Suavidade (Média)"/>
<entry key="5" type="xstring" value="Compactação (Média)"/>
<entry key="6" type="xstring" value="Concavidade (Média)"/>
<entry key="7" type="xstring" value="Pontos Concavos"/>
<entry key="8" type="xstring" value="Simetria (Média)"/>
<entry key="9" type="xstring" value="Dimensão Fractal (Média)"/>
<entry key="10" type="xstring" value="Raio (Desvio Padrão)"/>
<entry key="11" type="xstring" value="Textura (Desvio Padrão)"/>
<entry key="12" type="xstring" value="Perimetro (Desvio Padrão)"/>
<entry key="13" type="xstring" value="Área (Desvio Padrão)"/>
<entry key="14" type="xstring" value="Suavidade (Desvio Padrão)"/>
<entry key="15" type="xstring" value="Compactação (Desvio Padrão)"/>
<entry key="16" type="xstring" value="Concavidade (Desvio Padrão)"/>
<entry key="17" type="xstring" value="Pontos Concavos (Desvio Padrão)"/>
<entry key="18" type="xstring" value="Simetria (Desvio Padrão)"/>
<entry key="19" type="xstring" value="Dimensão Fractal (Desvio Padrão)"/>
<entry key="20" type="xstring" value="Raio (Piores)"/>
<entry key="21" type="xstring" value="Textura (Piores)"/>
<entry key="22" type="xstring" value="Perímetro (Piores)"/>
<entry key="23" type="xstring" value="Área (Piores)"/>
<entry key="24" type="xstring" value="Suavidade (Piores)"/>
<entry key="25" type="xstring" value="Compactação (Piores)"/>
<entry key="26" type="xstring" value="Concavidade (Piores)"/>
<entry key="27" type="xstring" value="Pontos Concavos (Piores)"/>
<entry key="28" type="xstring" value="Simetria (Piores)"/>
<entry key="29" type="xstring" value="Dimensão Fractal (Piores)"/>
</config>
<config key="target">
<entry key="array-size" type="xint" value="1"/>
<entry key="0" type="xstring" value="Diagnóstico"/>
</config>
</config>
